{"graph_0": {"_type": "graph-file", "path": "media/graph/graph_0_summary_a018d772.graph.json", "sha256": "a018d7726ef296dc5b51845afa7c82b0fa93a76921222f33d72989a29eb6657e", "size": 27175}, "[Train] Epoch": 1, "[Train] Loss": 266.7985836081528, "[Train] Elapsed Time:": 38.68254613876343, "_runtime": 114, "_timestamp": 1624784219, "_step": 0}