{"graph_0": {"_type": "graph-file", "path": "media/graph/graph_0_summary_3a88e7be.graph.json", "sha256": "3a88e7be1db43a08024db2ae81b149113c3cc7e5c687feb86aebe8812da05415", "size": 27175}, "[Train] Epoch": 1, "[Train] Loss": 266.7985836081528, "[Train] Elapsed Time:": 43.31235194206238, "_runtime": 113, "_timestamp": 1624783556, "_step": 0}