{"graph_0": {"_type": "graph-file", "path": "media/graph/graph_0_summary_bb66f980.graph.json", "sha256": "bb66f980aa12c58bdf9b26117dce69925df27e3f53eef22a20ac5346b547a687", "size": 27175}, "[Train] Epoch": 1, "[Train] Loss": 266.7985836081528, "[Train] Elapsed Time:": 43.58115911483765, "_runtime": 115, "_timestamp": 1624786053, "_step": 0}