{"graph_0": {"_type": "graph-file", "path": "media/graph/graph_0_summary_7b234a6a.graph.json", "sha256": "7b234a6a7eb6e05ecf377e5b46e3a88b526cc14a771b000553e624e09443da4e", "size": 27176}, "[Train] Epoch": 1, "[Train] Loss": 225.10053997104342, "[Train] Elapsed Time:": 253.17802691459656, "[valid-matres] Precision": 1.0, "[valid-matres] Recall": 0.01020408163265306, "[valid-matres] F1 Score": 0.020202020202020204, "[valid] Elapsed Time": 170.06669998168945, "[matres] Best F1 Score": 0.020202020202020204, "_runtime": 647, "_timestamp": 1625509614, "_step": 0}