{"graph_0": {"_type": "graph-file", "path": "media/graph/graph_0_summary_eb73ad93.graph.json", "sha256": "eb73ad93fbda17e5b05666b89b4fd34a789a55db1736ff17338d5ddd0ca85f74", "size": 27175}, "[Train] Epoch": 1, "[Train] Loss": 266.7985836081528, "[Train] Elapsed Time:": 38.88874387741089, "_runtime": 116, "_timestamp": 1624721450, "_step": 0}