{"graph_0": {"_type": "graph-file", "path": "media/graph/graph_0_summary_5486f12b.graph.json", "sha256": "5486f12b50f91e3422e6c7457e07146021d4c0c5f2d677cd493846e97ffc7c97", "size": 27627}, "[Train] Epoch": 1, "[Train] Loss": 639.515380859375, "[Train] Elapsed Time:": 449.72621989250183, "_runtime": 838, "_timestamp": 1625851207, "_step": 0}