{"graph_0": {"_type": "graph-file", "path": "media/graph/graph_0_summary_ac6ff68c.graph.json", "sha256": "ac6ff68c863da2cd4a5186ef9c05211fc2d29684d13d8bb1e447760b2814427f", "size": 27627}, "[Train] Epoch": 1, "[Train] Loss": 519.5292358398438, "[Train] Elapsed Time:": 121.40332412719727, "_runtime": 340, "_timestamp": 1626365836, "_step": 0}