{"graph_0": {"_type": "graph-file", "path": "media/graph/graph_0_summary_bd492f24.graph.json", "sha256": "bd492f2410cc72278b146e8e81cafd3ce3977a1a562693e37cc35844f1ccf238", "size": 27175}, "[Train] Epoch": 1, "[Train] Loss": 266.7985836081528, "[Train] Elapsed Time:": 52.1221489906311, "_runtime": 115, "_timestamp": 1624789836, "_step": 0}