{"graph_0": {"_type": "graph-file", "path": "media/graph/graph_0_summary_b6c83446.graph.json", "sha256": "b6c83446b3f231a0d76d5366ebea467b98aeee22ea38e927d4cf0fac713f7d55", "size": 27192}, "[Train] Epoch": 2, "[Train] Loss": 2295.5712890625, "[Train] Elapsed Time:": 67.93852806091309, "[valid-hieve] Precision": 0.0, "[valid-hieve] Recall": 0.0, "[valid-hieve] F1 Score": NaN, "[valid] Elapsed Time": 52.54383897781372, "[hieve] Best F1 Score": 0.0, "_runtime": 213, "_timestamp": 1627051811, "_step": 1}