{"graph_0": {"_type": "graph-file", "path": "media/graph/graph_0_summary_6f6e935d.graph.json", "sha256": "6f6e935d7bb686c51146834c8943f96522dddd882a7810beef5b568064414a58", "size": 27175}, "[Train] Epoch": 1, "[Train] Loss": 266.7985836081528, "[Train] Elapsed Time:": 44.17646265029907, "_runtime": 132, "_timestamp": 1624785229, "_step": 0}