{"graph_0": {"_type": "graph-file", "path": "media/graph/graph_0_summary_2a68b99d.graph.json", "sha256": "2a68b99d0b1c45f44bf1a960b2d7a4fc8a39a13c258eb3b463c8c1e16dfde3d2", "size": 27627}, "[Train] Epoch": 1, "[Train] Loss": 519.5292358398438, "[Train] Elapsed Time:": 84.59341621398926, "[valid-hieve] Precision": 0.3333333333333333, "[valid-hieve] Recall": 0.1, "[valid-hieve] F1 Score": 0.15384615384615383, "[valid] Elapsed Time": 73.97897815704346, "[hieve] Best F1 Score": 0.15384615384615383, "_runtime": 197, "_timestamp": 1626366542, "_step": 0}