{"graph_0": {"_type": "graph-file", "path": "media/graph/graph_0_summary_b4a8dbaa.graph.json", "sha256": "b4a8dbaad689d8db497895967dc022aa5879284d4b8fa92b9323efd432e75d87", "size": 27175}, "[Train] Epoch": 1, "[Train] Loss": 441.58295464028913, "[Train] Elapsed Time:": 40.026713848114014, "[valid-hieve] Precision": 0.5, "[valid-hieve] Recall": 0.05555555555555555, "[valid-hieve] F1 Score": 0.09999999999999999, "[valid] Elapsed Time": 33.99990129470825, "[hieve] Best F1 Score": 0.09999999999999999, "_runtime": 148, "_timestamp": 1625420474, "_step": 0}