{"graph_0": {"_type": "graph-file", "path": "media/graph/graph_0_summary_cf3d6cce.graph.json", "sha256": "cf3d6cce201b3a0b68a02632ef3409d270ce6cd1a664360ab647927dff276782", "size": 27627}, "[Train] Epoch": 1, "[Train] Loss": 519.5292358398438, "[Train] Elapsed Time:": 86.20954012870789, "[valid-hieve] Precision": 0.3333333333333333, "[valid-hieve] Recall": 0.1, "[valid-hieve] F1 Score": 0.15384615384615383, "[valid] Elapsed Time": 75.34189200401306, "[hieve] Best F1 Score": 0.15384615384615383, "_runtime": 208, "_timestamp": 1626366781, "_step": 0}