{"graph_0": {"_type": "graph-file", "path": "media/graph/graph_0_summary_644ac620.graph.json", "sha256": "644ac620a305ce5ad1a154bc1f4b43cd53b8af8aa1aa2c8cc99b02d5ff2977a5", "size": 27175}, "[Train] Epoch": 1, "[Train] Loss": 266.7985836081528, "[Train] Elapsed Time:": 43.42658710479736, "_runtime": 118, "_timestamp": 1624793701, "_step": 0}