{"graph_0": {"_type": "graph-file", "path": "media/graph/graph_0_summary_d7510061.graph.json", "sha256": "d751006136ce659676b1d2049a145db10deb6ab4967162debab99fd156a35b0e", "size": 27175}, "[Train] Epoch": 3, "[Train] Loss": 134.47453480920905, "[Train] Elapsed Time:": 50.52578783035278, "[valid-hieve] Precision": 0.39325842696629215, "[valid-hieve] Recall": 0.3684210526315789, "[valid-hieve] F1 Score": 0.3804347826086957, "[valid] Elapsed Time": 40.532657861709595, "[hieve] Best F1 Score": 0.3804347826086957, "_runtime": 424, "_timestamp": 1625410345, "_step": 2}