{"graph_0": {"_type": "graph-file", "path": "media/graph/graph_0_summary_be9408aa.graph.json", "sha256": "be9408aa01f7e6828cacfa04ee05c236d50f33049fbe938a1edd3a964c6d4a3f", "size": 27175}, "[Train] Epoch": 9, "[Train] Loss": 71.23606535849132, "[Train] Elapsed Time:": 39.21862006187439, "[valid-hieve] Precision": 0.8383838383838383, "[valid-hieve] Recall": 0.8736842105263158, "[valid-hieve] F1 Score": 0.8556701030927836, "[valid] Elapsed Time": 34.11515522003174, "[hieve] Best F1 Score": 0.8556701030927836, "_runtime": 1042, "_timestamp": 1625409054, "_step": 8}