{"graph_0": {"_type": "graph-file", "path": "media/graph/graph_0_summary_a751fefd.graph.json", "sha256": "a751fefd548945655c3d395ef3d86e0e4f1ff0ff93dfe14cbeaef8b1713c0fa3", "size": 27175}, "[Train] Epoch": 1, "[Train] Loss": 266.7985836081528, "[Train] Elapsed Time:": 39.05531096458435, "_runtime": 107, "_timestamp": 1624789954, "_step": 0}