{"graph_0": {"_type": "graph-file", "path": "media/graph/graph_0_summary_4b4d15e3.graph.json", "sha256": "4b4d15e3d76ec95fca4e77c56343e759b3614ff9e817565787dc3085df81b9db", "size": 27175}, "[Train] Epoch": 1, "[Train] Loss": 266.7985836081528, "[Train] Elapsed Time:": 43.078879833221436, "_runtime": 121, "_timestamp": 1624785819, "_step": 0}