{"graph_0": {"_type": "graph-file", "path": "media/graph/graph_0_summary_eced1940.graph.json", "sha256": "eced194031e6e21f6d0eb55fe5f19671a6c60010f022665347afc0cefc01fa4f", "size": 27175}, "[Train] Epoch": 1, "[Train] Loss": 266.7985836081528, "[Train] Elapsed Time:": 39.08320903778076, "_runtime": 113, "_timestamp": 1624957281, "_step": 0}