{"graph_0": {"_type": "graph-file", "path": "media/graph/graph_0_summary_203b91fa.graph.json", "sha256": "203b91fa22938d8fc9a12c027511a54cea49986debead74fabaf3fe2dfef7a37", "size": 28048}, "[Train] Epoch": 4, "[Train] Loss": 146.15976421504504, "[Train] Elapsed Time:": 214.567400932312, "[valid-matres] Precision": 0.0, "[valid-matres] Recall": 0.0, "[valid-matres] F1 Score": NaN, "[valid] Elapsed Time": 164.64755272865295, "[matres] Best F1 Score": 0.0, "_runtime": 2200, "_timestamp": 1625579741, "_step": 3}