{"graph_0": {"_type": "graph-file", "path": "media/graph/graph_0_summary_d7dba502.graph.json", "sha256": "d7dba50257b19a66d9f97be10106531fbce085d5306fd1d725a30946979ca5af", "size": 27175}, "[Train] Epoch": 1, "[Train] Loss": 441.58295464028913, "[Train] Elapsed Time:": 42.18808603286743, "[valid-hieve] Precision": 0.5, "[valid-hieve] Recall": 0.05555555555555555, "[valid-hieve] F1 Score": 0.09999999999999999, "[valid] Elapsed Time": 39.3048620223999, "[hieve] Best F1 Score": 0.09999999999999999, "_runtime": 169, "_timestamp": 1625419967, "_step": 0}