{"graph_0": {"_type": "graph-file", "path": "media/graph/graph_0_summary_fc61205b.graph.json", "sha256": "fc61205b022ba2b49a0874c8fb1acad77ea3d4f2708a0b572e6203afc64b081f", "size": 27175}, "[Train] Epoch": 1, "[Train] Loss": 441.58295464028913, "[Train] Elapsed Time:": 40.1436288356781, "_runtime": 115, "_timestamp": 1625420930, "_step": 0}