{"graph_0": {"_type": "graph-file", "path": "media/graph/graph_0_summary_75dd6db6.graph.json", "sha256": "75dd6db672f858952b3d705ddf61cf5ea175f6a45785bfd2b17af9df1d5db188", "size": 27627}, "[Train] Epoch": 4, "[Train] Loss": 243.20248413085938, "[Train] Elapsed Time:": 348.1597137451172, "[valid-hieve] Precision": 0.0, "[valid-hieve] Recall": 0.0, "[valid-hieve] F1 Score": NaN, "[valid] Elapsed Time": 315.66204810142517, "[hieve] Best F1 Score": 0.0, "_runtime": 3500, "_timestamp": 1625849973, "_step": 3}