{"graph_0": {"_type": "graph-file", "path": "media/graph/graph_0_summary_bdb020e2.graph.json", "sha256": "bdb020e2e3385f4b744dacb8b38e962c986b24929910faae473876ea3b811360", "size": 27175}, "[Train] Epoch": 1, "[Train] Loss": 266.7985836081528, "[Train] Elapsed Time:": 41.28270220756531, "_runtime": 113, "_timestamp": 1624788828, "_step": 0}