{"graph_0": {"_type": "graph-file", "path": "media/graph/graph_0_summary_09aceea9.graph.json", "sha256": "09aceea930a89952af77f14f2d9784d616cab0848d06c9ad74ae8c15d729ff5e", "size": 27176}, "[Train] Epoch": 1, "[Train] Loss": 246.78978036741654, "[Train] Elapsed Time:": 46.126495122909546, "_runtime": 125, "_timestamp": 1625422787, "_step": 0}