{"graph_0": {"_type": "graph-file", "path": "media/graph/graph_0_summary_c67faf88.graph.json", "sha256": "c67faf88ce44a378e494294efbcb6bd12cdb92ca3e20458ba2dc1c86767433c8", "size": 27175}, "[Train] Epoch": 1, "[Train] Loss": 266.7985836081528, "[Train] Elapsed Time:": 38.68449401855469, "_runtime": 110, "_timestamp": 1624787890, "_step": 0}