{"graph_0": {"_type": "graph-file", "path": "media/graph/graph_0_summary_a8a27845.graph.json", "sha256": "a8a278455af1aa84f10467f800614a6f02d1b0fbe34827e209d44a81456b2dd1", "size": 27176}, "[Train] Epoch": 1, "[Train] Loss": 238.37803017419486, "[Train] Elapsed Time:": 45.267192125320435, "_runtime": 149, "_timestamp": 1625493479, "_step": 0}