{"graph_0": {"_type": "graph-file", "path": "media/graph/graph_0_summary_657284bb.graph.json", "sha256": "657284bbf581df4b59880f18fa08ef05a25a9fada8a61e5027dcba8c03d53970", "size": 27627}, "[Train] Epoch": 2, "[Train] Loss": 350.97125244140625, "[Train] Elapsed Time:": 83.49234819412231, "[valid-hieve] Precision": 0.3333333333333333, "[valid-hieve] Recall": 0.1, "[valid-hieve] F1 Score": 0.15384615384615383, "[valid] Elapsed Time": 76.5110719203949, "[hieve] Best F1 Score": 0.15384615384615383, "_runtime": 295, "_timestamp": 1626367336, "_step": 1}