{"graph_0": {"_type": "graph-file", "path": "media/graph/graph_0_summary_8d5eb941.graph.json", "sha256": "8d5eb94174b5adcb36361905b8a98a048937ca1bfca2311de1673976912cd1d7", "size": 27175}, "[Train] Epoch": 1, "[Train] Loss": 266.7985836081528, "[Train] Elapsed Time:": 43.683626890182495, "_runtime": 122, "_timestamp": 1624784367, "_step": 0}