{"graph_0": {"_type": "graph-file", "path": "media/graph/graph_0_summary_92ae14e9.graph.json", "sha256": "92ae14e9c40a326bb6671d8edca2adcef3abe96a3937ed052e8966c433c578a0", "size": 27175}, "[Train] Epoch": 1, "[Train] Loss": 441.58295464028913, "[Train] Elapsed Time:": 42.29008889198303, "_runtime": 143, "_timestamp": 1625421297, "_step": 0}