{"graph_0": {"_type": "graph-file", "path": "media/graph/graph_0_summary_b2f5f450.graph.json", "sha256": "b2f5f450759bfdf4f0de950943220d8fd2e3fe3f5614cd15175aae2391a24a7f", "size": 27175}, "[Train] Epoch": 1, "[Train] Loss": 266.7985836081528, "[Train] Elapsed Time:": 40.51015901565552, "_runtime": 112, "_timestamp": 1624781789, "_step": 0}