{"graph_0": {"_type": "graph-file", "path": "media/graph/graph_0_summary_1c107b81.graph.json", "sha256": "1c107b81e3340fe18b16880f788abd578bd911b6b01e4c02190ea6852b1fb472", "size": 27192}, "[Train] Epoch": 1, "[Train] Loss": 245.07568359375, "[Train] Elapsed Time:": 40.01442503929138, "_runtime": 71, "_timestamp": 1627052370, "_step": 0}