{"graph_0": {"_type": "graph-file", "path": "media/graph/graph_0_summary_ba39bb8e.graph.json", "sha256": "ba39bb8e8c819f8ffe826a1703030ad6d272681408afc61f2b2de6859fe099ff", "size": 27175}, "[Train] Epoch": 1, "[Train] Loss": 192.0347415992085, "[Train] Elapsed Time:": 39.82880902290344, "[valid-hieve] Precision": 0.5714285714285714, "[valid-hieve] Recall": 0.08421052631578947, "[valid-hieve] F1 Score": 0.14678899082568805, "[valid] Elapsed Time": 34.6116681098938, "[hieve] Best F1 Score": 0.14678899082568805, "_runtime": 150, "_timestamp": 1625415057, "_step": 0}