{"graph_0": {"_type": "graph-file", "path": "media/graph/graph_0_summary_e881c97f.graph.json", "sha256": "e881c97f6a899cbef2a112ab3277127506e8c3498c826b9657a0b6e20ff3e96e", "size": 27175}, "[Train] Epoch": 1, "[Train] Loss": 266.7985836081528, "[Train] Elapsed Time:": 40.497018814086914, "_runtime": 111, "_timestamp": 1624784699, "_step": 0}