{"graph_0": {"_type": "graph-file", "path": "media/graph/graph_0_summary_954fe622.graph.json", "sha256": "954fe62270c9afb3ef51dfe4edde266c01bf2554e750b85b6ac72924d38eb008", "size": 27176}, "[Train] Epoch": 1, "[Train] Loss": 246.87126199657706, "[Train] Elapsed Time:": 257.1890940666199, "_runtime": 309, "_timestamp": 1625512747, "_step": 0}