{"graph_0": {"_type": "graph-file", "path": "media/graph/graph_0_summary_1bcfad10.graph.json", "sha256": "1bcfad1047b29755c1e6d4644110a06f4ca782c3918ace53e63369a9e6481019", "size": 27175}, "[Train] Epoch": 1, "[Train] Loss": 266.7985836081528, "[Train] Elapsed Time:": 51.146665811538696, "_runtime": 136, "_timestamp": 1624789466, "_step": 0}