{"graph_0": {"_type": "graph-file", "path": "media/graph/graph_0_summary_91a1e939.graph.json", "sha256": "91a1e939eb3cae7ff2b422c1bf3469bf5aa44afbb676f249dd9c675d174f4c08", "size": 27175}, "[Train] Epoch": 1, "[Train] Loss": 262.1378871266545, "[Train] Elapsed Time:": 88.97364592552185, "_runtime": 196, "_timestamp": 1626971584, "_step": 0}