{"graph_0": {"_type": "graph-file", "path": "media/graph/graph_0_summary_332aa544.graph.json", "sha256": "332aa5449c122f9516406d9347d718005cb1f8fe23401138351c8fd525973bca", "size": 27175}, "[Train] Epoch": 1, "[Train] Loss": 266.7985836081528, "[Train] Elapsed Time:": 41.63961696624756, "_runtime": 111, "_timestamp": 1624903199, "_step": 0}