{"graph_0": {"_type": "graph-file", "path": "media/graph/graph_0_summary_ed39afdc.graph.json", "sha256": "ed39afdcce8b9d947a71de8a5d32a4088da522ef261cb6132fcaf916853cfc2f", "size": 27176}, "[Train] Epoch": 1, "[Train] Loss": 225.10053997104342, "[Train] Elapsed Time:": 268.47842836380005, "_runtime": 542, "_timestamp": 1625507560, "_step": 0}