{"graph_0": {"_type": "graph-file", "path": "media/graph/graph_0_summary_3ceec1a7.graph.json", "sha256": "3ceec1a7321386d71a1c93e6a8d75d925301a689be327803f65f31ae2eff41d8", "size": 27176}, "[Train] Epoch": 1, "[Train] Loss": 232.06986444772105, "[Train] Elapsed Time:": 308.95244121551514, "_runtime": 1158, "_timestamp": 1625493318, "_step": 0}