{"graph_0": {"_type": "graph-file", "path": "media/graph/graph_0_summary_5534cd7a.graph.json", "sha256": "5534cd7a9e3cd4bb1c53abf3d42042023fd5b1940a91158d6ec7586ee9fe06ea", "size": 27175}, "[Train] Epoch": 1, "[Train] Loss": 266.7985836081528, "[Train] Elapsed Time:": 39.01628017425537, "_runtime": 108, "_timestamp": 1624779484, "_step": 0}