{"graph_0": {"_type": "graph-file", "path": "media/graph/graph_0_summary_c4b736d8.graph.json", "sha256": "c4b736d852c9da01d88e16f29c4e5ba65ba32c2193fdd4e1ffe604560ea0da63", "size": 27175}, "[Train] Epoch": 1, "[Train] Loss": 266.7985836081528, "[Train] Elapsed Time:": 42.486329078674316, "_runtime": 160, "_timestamp": 1624966496, "_step": 0}