{"graph_0": {"_type": "graph-file", "path": "media/graph/graph_0_summary_96817f7b.graph.json", "sha256": "96817f7b018e1f5200002610dce051ee738aec0662f8196611a47cd843aaa0b1", "size": 27175}, "[Train] Epoch": 1, "[Train] Loss": 266.7985836081528, "[Train] Elapsed Time:": 38.681304931640625, "_runtime": 106, "_timestamp": 1624788069, "_step": 0}