{"graph_0": {"_type": "graph-file", "path": "media/graph/graph_0_summary_4018362d.graph.json", "sha256": "4018362d5c191c0fd5e246d127c9ad18297504897d6efc77b9f0df50804fdf61", "size": 27175}, "[Train] Epoch": 1, "[Train] Loss": 266.7985836081528, "[Train] Elapsed Time:": 38.867380142211914, "[valid-hieve] Precision": 0.5, "[valid-hieve] Recall": 0.08974358974358974, "[valid-hieve] F1 Score": 0.15217391304347827, "[valid-HiEve] Precision v2": 0.5384615384615384, "[valid-HiEve] Recall v2": 0.08974358974358974, "[valid-HiEve] F1 Score v2": 0.15384615384615383, "[valid] Elapsed Time": 34.57112121582031, "[hieve] Best F1 Score": 0.15217391304347827, "_runtime": 142, "_timestamp": 1624721295, "_step": 0}