{"graph_0": {"_type": "graph-file", "path": "media/graph/graph_0_summary_6d7a8e4c.graph.json", "sha256": "6d7a8e4c8257767660894ade24a66ad4d9df226de381dd0f0eef5031179eee2b", "size": 27175}, "[Train] Epoch": 1, "[Train] Loss": 175.0668470112957, "[Train] Elapsed Time:": 262.7815132141113, "_runtime": 609, "_timestamp": 1625517628, "_step": 0}