{"graph_0": {"_type": "graph-file", "path": "media/graph/graph_0_summary_ea149407.graph.json", "sha256": "ea1494076e1b4786528814f4df63a38614f25a9762ce616b8cd811b369dd9348", "size": 27615}, "[Train] Epoch": 1, "[Train] Loss": 303.20144066099743, "[Train] Elapsed Time:": 252.4351348876953, "_runtime": 365, "_timestamp": 1625576501, "_step": 0}