{"graph_0": {"_type": "graph-file", "path": "media/graph/graph_0_summary_4e7f570b.graph.json", "sha256": "4e7f570bc359417eec71c60a2d2555e0661d4894a88a294aa92c9052ee489a7a", "size": 27175}, "[Train] Epoch": 1, "[Train] Loss": 266.7985836081528, "[Train] Elapsed Time:": 42.871299266815186, "_runtime": 115, "_timestamp": 1624902947, "_step": 0}