{"graph_0": {"_type": "graph-file", "path": "media/graph/graph_0_summary_8077c91d.graph.json", "sha256": "8077c91d2b80ce2336f15b5abf18508f72222dd7269be7e9c0ba666af999bada", "size": 27175}, "[Train] Epoch": 1, "[Train] Loss": 266.7985836081528, "[Train] Elapsed Time:": 39.251933097839355, "_runtime": 114, "_timestamp": 1624904054, "_step": 0}