{"graph_0": {"_type": "graph-file", "path": "media/graph/graph_0_summary_56ebb918.graph.json", "sha256": "56ebb918dd9693c771bbb7c0dde10e9adcee5f6a87fb7cd822e9e25e7e45087c", "size": 27175}, "[Train] Epoch": 1, "[Train] Loss": 266.7985836081528, "[Train] Elapsed Time:": 40.931734800338745, "_runtime": 107, "_timestamp": 1624784098, "_step": 0}