{"graph_0": {"_type": "graph-file", "path": "media/graph/graph_0_summary_c8798a32.graph.json", "sha256": "c8798a3253ebab1c8e577eadda08bc82a037bf7bc4629faf6a726047ce81a9ff", "size": 27175}, "[Train] Epoch": 4, "[Train] Loss": 131.59797088082854, "[Train] Elapsed Time:": 38.55806064605713, "[valid-hieve] Precision": 0.7105263157894737, "[valid-hieve] Recall": 0.34615384615384615, "[valid-hieve] F1 Score": 0.4655172413793104, "[valid] Elapsed Time": 33.99981999397278, "[hieve] Best F1 Score": 0.4655172413793104, "_runtime": 407, "_timestamp": 1624725267, "_step": 3}