{"graph_0": {"_type": "graph-file", "path": "media/graph/graph_0_summary_2f793726.graph.json", "sha256": "2f793726ca889d751b6508eb026f718fce4575314c469a1ea66e1cb863a3e7d5", "size": 27192}, "[Train] Epoch": 10, "[Train] Loss": 4985.3564453125, "[Train] Elapsed Time:": 50.178234815597534, "[valid-hieve] Precision": NaN, "[valid-hieve] Recall": 0.0, "[valid-hieve] F1 Score": NaN, "[valid] Elapsed Time": 40.31286382675171, "[hieve] Best F1 Score": 0.911917098445596, "_runtime": 1090, "_timestamp": 1627011603, "_step": 11, "Full Elapsed Time": 1047.6683440208435}