{"graph_0": {"_type": "graph-file", "path": "media/graph/graph_0_summary_7ec318f1.graph.json", "sha256": "7ec318f132cca47c8a704cae95d3c7d69a12d5dc0d7ca8b07291233476f0313a", "size": 27175}, "[Train] Epoch": 1, "[Train] Loss": 266.7985836081528, "[Train] Elapsed Time:": 41.35691714286804, "[valid-hieve] Precision": 0.5, "[valid-hieve] Recall": 0.08974358974358974, "[valid-hieve] F1 Score": 0.15217391304347827, "[valid] Elapsed Time": 34.287468910217285, "[hieve] Best F1 Score": 0.15217391304347827, "_runtime": 146, "_timestamp": 1624956789, "_step": 0}