{"graph_0": {"_type": "graph-file", "path": "media/graph/graph_0_summary_2603b673.graph.json", "sha256": "2603b6736ee36de8f53f762f49814fc2d4e2aba4af857ccaaa7120407e26d53d", "size": 27175}, "[Train] Epoch": 1, "[Train] Loss": 266.7985836081528, "[Train] Elapsed Time:": 38.93911814689636, "_runtime": 109, "_timestamp": 1624788211, "_step": 0}