{"graph_0": {"_type": "graph-file", "path": "media/graph/graph_0_summary_8cd83a21.graph.json", "sha256": "8cd83a2139e3f7c8d14f666a56b6cf416fb94ab41b32414f7036e4f46e8c88fa", "size": 27175}, "[Train] Epoch": 1, "[Train] Loss": 266.7985836081528, "[Train] Elapsed Time:": 46.16524887084961, "_runtime": 127, "_timestamp": 1624781445, "_step": 0}