{"graph_0": {"_type": "graph-file", "path": "media/graph/graph_0_summary_4d1fe6a8.graph.json", "sha256": "4d1fe6a8bdb86a50aa1524172806e989fbfb90e9c9b9f07e9ea02eba422dbc6c", "size": 27192}, "[Train] Epoch": 2, "[Train] Loss": 2295.5712890625, "[Train] Elapsed Time:": 47.705965995788574, "[valid-hieve] Precision": 0.0, "[valid-hieve] Recall": 0.0, "[valid-hieve] F1 Score": NaN, "[valid] Elapsed Time": 38.03964066505432, "[hieve] Best F1 Score": 0.0, "_runtime": 173, "_timestamp": 1627051589, "_step": 1}