{"graph_0": {"_type": "graph-file", "path": "media/graph/graph_0_summary_a9fc2938.graph.json", "sha256": "a9fc2938f2a949d20f931d548371ef4795ccf6905dc027c325a96fdfd1ea2cbe", "size": 27175}, "[Train] Epoch": 1, "[Train] Loss": 266.7985836081528, "[Train] Elapsed Time:": 40.28775596618652, "_runtime": 113, "_timestamp": 1624783867, "_step": 0}