{"graph_0": {"_type": "graph-file", "path": "media/graph/graph_0_summary_e86bb862.graph.json", "sha256": "e86bb862f583eb2405add4a330632a9e81b0b01ec67a82a4e53addc8960cbd5b", "size": 27175}, "[Train] Epoch": 1, "[Train] Loss": 266.7985836081528, "[Train] Elapsed Time:": 41.7708420753479, "_runtime": 116, "_timestamp": 1624788412, "_step": 0}