{"graph_0": {"_type": "graph-file", "path": "media/graph/graph_0_summary_a9457c02.graph.json", "sha256": "a9457c02d6c356ee36a2444f44ea59b9f1b3280682c629126a87cdc7b30f9e0e", "size": 27175}, "[Train] Epoch": 1, "[Train] Loss": 266.7985836081528, "[Train] Elapsed Time:": 42.26967120170593, "_runtime": 110, "_timestamp": 1624789231, "_step": 0}