{"graph_0": {"_type": "graph-file", "path": "media/graph/graph_0_summary_903f83af.graph.json", "sha256": "903f83af8e0d7fb778e63f52f9d1677552b5e34b574a85f60a2aa333a076f2a5", "size": 27175}, "[Train] Epoch": 1, "[Train] Loss": 441.58295464028913, "[Train] Elapsed Time:": 41.154247999191284, "_runtime": 122, "_timestamp": 1625419710, "_step": 0}