{"graph_0": {"_type": "graph-file", "path": "media/graph/graph_0_summary_76b99a7d.graph.json", "sha256": "76b99a7d084f94b96b82628a70de6098dfa9de9b2a896835639dec3e09526700", "size": 27175}, "[Train] Epoch": 1, "[Train] Loss": 441.58295464028913, "[Train] Elapsed Time:": 39.55305194854736, "_runtime": 150, "_timestamp": 1625417969, "_step": 0}