{"graph_0": {"_type": "graph-file", "path": "media/graph/graph_0_summary_17656e47.graph.json", "sha256": "17656e47434191c2dcd8c0cd6547768ed8483858c04ddb131fea679dae283a4c", "size": 27175}, "[Train] Epoch": 3, "[Train] Loss": 149.94671729703816, "[Train] Elapsed Time:": 39.69804310798645, "[valid-hieve] Precision": 0.40384615384615385, "[valid-hieve] Recall": 0.2692307692307692, "[valid-hieve] F1 Score": 0.32307692307692304, "[valid] Elapsed Time": 34.55254507064819, "[hieve] Best F1 Score": 0.32307692307692304, "_runtime": 310, "_timestamp": 1624724852, "_step": 2}