{"graph_0": {"_type": "graph-file", "path": "media/graph/graph_0_summary_738a2543.graph.json", "sha256": "738a2543c71b64c4ab63e720c8fa4a8d449d53889eb803ea14df6da110bfbafd", "size": 27175}, "[Train] Epoch": 1, "[Train] Loss": 266.7985836081528, "[Train] Elapsed Time:": 39.807178020477295, "_runtime": 76, "_timestamp": 1624902249, "_step": 0}