{"graph_0": {"_type": "graph-file", "path": "media/graph/graph_0_summary_f5df6780.graph.json", "sha256": "f5df6780ec14409f922f82407f598920000ba68f24d981260d9f39957c6bb18b", "size": 27175}, "[Train] Epoch": 1, "[Train] Loss": 266.7985836081528, "[Train] Elapsed Time:": 41.087915897369385, "_runtime": 107, "_timestamp": 1624786399, "_step": 0}