{"graph_0": {"_type": "graph-file", "path": "media/graph/graph_0_summary_cb4277a5.graph.json", "sha256": "cb4277a5c5ba5c69867b1d42b65d8e0eb02284d5f9556c56adc12cf302e1416d", "size": 27175}, "[Train] Epoch": 1, "[Train] Loss": 266.7985836081528, "[Train] Elapsed Time:": 42.9264600276947, "_runtime": 117, "_timestamp": 1624793440, "_step": 0}