{"graph_0": {"_type": "graph-file", "path": "media/graph/graph_0_summary_f830c099.graph.json", "sha256": "f830c099a2984c2b1e04fb23b7cb244c2230a0f0b81d5207fd965bafc96e3129", "size": 27175}, "[Train] Epoch": 1, "[Train] Loss": 266.7985836081528, "[Train] Elapsed Time:": 39.89746618270874, "[valid-hieve] Precision": 0.5, "[valid-hieve] Recall": 0.08974358974358974, "[valid-hieve] F1 Score": 0.15217391304347827, "[valid] Elapsed Time": 34.93362474441528, "[hieve] Best F1 Score": 0.15217391304347827, "_runtime": 145, "_timestamp": 1624793906, "_step": 0}