{"graph_0": {"_type": "graph-file", "path": "media/graph/graph_0_summary_36d941d5.graph.json", "sha256": "36d941d5b31afa42365338e3b80c47b586767a2d541d8b37073e03e1dcf02371", "size": 27176}, "[Train] Epoch": 2, "[Train] Loss": 293.47324935094264, "[Train] Elapsed Time:": 225.63925504684448, "[valid-matres] Precision": 1.0, "[valid-matres] Recall": 0.01020408163265306, "[valid-matres] F1 Score": 0.020202020202020204, "[valid] Elapsed Time": 171.2680540084839, "[matres] Best F1 Score": 0.020202020202020204, "_runtime": 931, "_timestamp": 1625501962, "_step": 1}