{"graph_0": {"_type": "graph-file", "path": "media/graph/graph_0_summary_c70661ab.graph.json", "sha256": "c70661ab24d3bb855b8c638fb4a25eab8cc0914a4b38068b684bf6d8344a8161", "size": 27175}, "[Train] Epoch": 1, "[Train] Loss": 266.7985836081528, "[Train] Elapsed Time:": 39.97159290313721, "_runtime": 111, "_timestamp": 1624903667, "_step": 0}