{"graph_0": {"_type": "graph-file", "path": "media/graph/graph_0_summary_482898ce.graph.json", "sha256": "482898ce06a8d522834db00875acabc205cd0126fad0e017d8b967aff59ae462", "size": 27175}, "[Train] Epoch": 1, "[Train] Loss": 262.1378871266545, "[Train] Elapsed Time:": 89.80279493331909, "_runtime": 132, "_timestamp": 1626971380, "_step": 0}