{"graph_0": {"_type": "graph-file", "path": "media/graph/graph_0_summary_5dcda769.graph.json", "sha256": "5dcda7692d571e837e8a8a5f54127c07d7375829651728822eae84022bc71baf", "size": 27175}, "[Train] Epoch": 1, "[Train] Loss": 266.7985836081528, "[Train] Elapsed Time:": 39.05898594856262, "_runtime": 106, "_timestamp": 1624780131, "_step": 0}