{"graph_0": {"_type": "graph-file", "path": "media/graph/graph_0_summary_9567e4ab.graph.json", "sha256": "9567e4ab2950f2475a3d781a12bf77a0be81c5baba067264bbaf3b419b9c3218", "size": 27175}, "[Train] Epoch": 1, "[Train] Loss": 266.7985836081528, "[Train] Elapsed Time:": 39.98035979270935, "_runtime": 117, "_timestamp": 1624777802, "_step": 0}