{"graph_0": {"_type": "graph-file", "path": "media/graph/graph_0_summary_56546785.graph.json", "sha256": "565467857d2247abb29daa67cbff97ef0ebd15826de0b32c9779e441d4107be7", "size": 27175}, "[Train] Epoch": 4, "[Train] Loss": 131.59797088082854, "[Train] Elapsed Time:": 38.7839298248291, "[valid-hieve] Precision": 0.7105263157894737, "[valid-hieve] Recall": 0.34615384615384615, "[valid-hieve] F1 Score": 0.4655172413793104, "[valid-HiEve] Precision v2": 0.8858363858363859, "[valid-HiEve] Recall v2": 0.34615384615384615, "[valid-HiEve] F1 Score v2": 0.4977891286117252, "[valid] Elapsed Time": 33.79911398887634, "[hieve] Best F1 Score": 0.4655172413793104, "_runtime": 421, "_timestamp": 1624721019, "_step": 3}