{"graph_0": {"_type": "graph-file", "path": "media/graph/graph_0_summary_a78e1626.graph.json", "sha256": "a78e1626ea101e5c5243598c09bb1ed28e372e7660a4b9c43cb8979c962bda01", "size": 27175}, "[Train] Epoch": 1, "[Train] Loss": 266.7985836081528, "[Train] Elapsed Time:": 44.70083212852478, "_runtime": 86, "_timestamp": 1624787006, "_step": 0}