{"graph_0": {"_type": "graph-file", "path": "media/graph/graph_0_summary_4afac75a.graph.json", "sha256": "4afac75a6c18ce3a1a19ac9a66130d840ead5df6e797834f98655572fb30fffa", "size": 27175}, "[Train] Epoch": 1, "[Train] Loss": 266.7985836081528, "[Train] Elapsed Time:": 40.798646688461304, "_runtime": 119, "_timestamp": 1624966304, "_step": 0}