{"graph_0": {"_type": "graph-file", "path": "media/graph/graph_0_summary_1b8ba889.graph.json", "sha256": "1b8ba889f1a52f317954f9d09d82cb234a2e34b7dd4121f0484d88b18f1bfa1f", "size": 27176}, "[Train] Epoch": 1, "[Train] Loss": 225.10053997104342, "[Train] Elapsed Time:": 275.87138175964355, "[valid-matres] Precision": 1.0, "[valid-matres] Recall": 0.01020408163265306, "[valid-matres] F1 Score": 0.020202020202020204, "[valid] Elapsed Time": 183.00764083862305, "[matres] Best F1 Score": 0.020202020202020204, "_runtime": 696, "_timestamp": 1625500954, "_step": 0}