{"graph_0": {"_type": "graph-file", "path": "media/graph/graph_0_summary_8d0116e5.graph.json", "sha256": "8d0116e54f0a862e6af11f9a150f863077f1bf50248aad452e007547c6daaee9", "size": 27175}, "[Train] Epoch": 2, "[Train] Loss": 245.68855583225047, "[Train] Elapsed Time:": 227.15541768074036, "[valid-hieve] Precision": 0.3389830508474576, "[valid-hieve] Recall": 0.20408163265306123, "[valid-hieve] F1 Score": 0.25477707006369427, "[valid] Elapsed Time": 166.34346175193787, "[hieve] Best F1 Score": 0.25477707006369427, "_runtime": 1200, "_timestamp": 1625516904, "_step": 1}