{"graph_0": {"_type": "graph-file", "path": "media/graph/graph_0_summary_aeee5cf5.graph.json", "sha256": "aeee5cf563be75480e742cf3bc12a37baa2419ab043355c36a3853d508ef22c1", "size": 27175}, "[Train] Epoch": 1, "[Train] Loss": 192.0347415992085, "[Train] Elapsed Time:": 44.81093788146973, "_runtime": 133, "_timestamp": 1625415693, "_step": 0}