{"graph_0": {"_type": "graph-file", "path": "media/graph/graph_0_summary_d0d1c985.graph.json", "sha256": "d0d1c9857ae71c72f879e506aec06f26c3dade2a0cce87084afb80dd2309b5e2", "size": 28046}, "[Train] Epoch": 1, "[Train] Loss": 461.2942810058594, "[Train] Elapsed Time:": 275.3218822479248, "_runtime": 395, "_timestamp": 1625592071, "_step": 0}