{"graph_0": {"_type": "graph-file", "path": "media/graph/graph_0_summary_1b7adc94.graph.json", "sha256": "1b7adc944dc490d59a8d9c145f83d7165db8aaa4adfe932bf743376aa671520b", "size": 27175}, "[Train] Epoch": 6, "[Train] Loss": 150.55430616269555, "[Train] Elapsed Time:": 40.462204933166504, "[valid-hieve] Precision": NaN, "[valid-hieve] Recall": 0.0, "[valid-hieve] F1 Score": NaN, "[valid] Elapsed Time": 35.897515058517456, "[hieve] Best F1 Score": 0.12280701754385966, "_runtime": 728, "_timestamp": 1625406098, "_step": 5}