{"graph_0": {"_type": "graph-file", "path": "media/graph/graph_0_summary_683bf5a7.graph.json", "sha256": "683bf5a7e2d1807714007cbf7253b7b71c4270a13d6e633d2a05c689eb599a31", "size": 27175}, "[Train] Epoch": 1, "[Train] Loss": 266.7985836081528, "[Train] Elapsed Time:": 51.46268081665039, "_runtime": 140, "_timestamp": 1624778933, "_step": 0}