{"graph_0": {"_type": "graph-file", "path": "media/graph/graph_0_summary_54045a5f.graph.json", "sha256": "54045a5f17b1c58531c077a7edcc9940eb22080e6bd3d00f92267a429e8000ae", "size": 27192}, "[Train] Epoch": 1, "[Train] Loss": 0.0, "[Train] Elapsed Time:": 39.218868017196655, "[valid-hieve] Precision": 0.05, "[valid-hieve] Recall": 0.05319148936170213, "[valid-hieve] F1 Score": 0.051546391752577324, "[valid] Elapsed Time": 33.66375398635864, "[hieve] Best F1 Score": 0.051546391752577324, "_runtime": 112, "_timestamp": 1627055090, "_step": 0}