{"graph_0": {"_type": "graph-file", "path": "media/graph/graph_0_summary_d623ff2c.graph.json", "sha256": "d623ff2cfeffe580eee45a7a6448f0bf35c5d5a1d7e37f1e5ad3fc8625ee4b8c", "size": 28046}, "[Train] Epoch": 1, "[Train] Loss": 461.2942810058594, "[Train] Elapsed Time:": 265.82952404022217, "_runtime": 506, "_timestamp": 1625592585, "_step": 0}