{"graph_0": {"_type": "graph-file", "path": "media/graph/graph_0_summary_5bf9344c.graph.json", "sha256": "5bf9344c5438320e1656b397028486c1eda8679e74ca47b0edc0e15d3f0c3290", "size": 27175}, "[Train] Epoch": 1, "[Train] Loss": 266.7985836081528, "[Train] Elapsed Time:": 40.9000780582428, "_runtime": 108, "_timestamp": 1624786661, "_step": 0}