{"graph_0": {"_type": "graph-file", "path": "media/graph/graph_0_summary_68014825.graph.json", "sha256": "68014825632aac03a90e4d7ab3ee91436646a1f5ccb1aa9db0220cd48a52e808", "size": 27176}, "[Train] Epoch": 1, "[Train] Loss": 225.10053997104342, "[Train] Elapsed Time:": 251.97615003585815, "_runtime": 510, "_timestamp": 1625511755, "_step": 0}