{"graph_0": {"_type": "graph-file", "path": "media/graph/graph_0_summary_30ba1ca6.graph.json", "sha256": "30ba1ca6ff760cdd973a51772263e6e3f70dfa91934ea58881d004af62442800", "size": 27627}, "[Train] Epoch": 1, "[Train] Loss": 521.5316772460938, "[Train] Elapsed Time:": 459.25628209114075, "_runtime": 930, "_timestamp": 1625854126, "_step": 0}