{"graph_0": {"_type": "graph-file", "path": "media/graph/graph_0_summary_957ecf95.graph.json", "sha256": "957ecf952a238b3410bbd464527745d8953116d51b4b5f4967b9b80b173cd776", "size": 27175}, "[Train] Epoch": 1, "[Train] Loss": 266.7985836081528, "[Train] Elapsed Time:": 39.21103119850159, "_runtime": 107, "_timestamp": 1624780670, "_step": 0}