{"graph_0": {"_type": "graph-file", "path": "media/graph/graph_0_summary_66f0fd62.graph.json", "sha256": "66f0fd620436b37b356ade9dd1f79b829005283d535d3ac4e2d60b74365a8330", "size": 27192}, "[Train] Epoch": 1, "[Train] Loss": 276.9336242675781, "[Train] Elapsed Time:": 47.68667197227478, "[valid-hieve] Precision": 0.0, "[valid-hieve] Recall": 0.0, "[valid-hieve] F1 Score": NaN, "[valid] Elapsed Time": 42.868783950805664, "[hieve] Best F1 Score": 0.0, "_runtime": 136, "_timestamp": 1627054341, "_step": 0}