{"graph_0": {"_type": "graph-file", "path": "media/graph/graph_0_summary_31e65861.graph.json", "sha256": "31e658615ee23ae7041b73292324b5fd9e3d5d2a406a2cdab04861df346cf6af", "size": 27175}, "[Train] Epoch": 1, "[Train] Loss": 192.0347415992085, "[Train] Elapsed Time:": 43.15028786659241, "[valid-hieve] Precision": NaN, "[valid-hieve] Recall": 0.0, "[valid-hieve] F1 Score": NaN, "[valid] Elapsed Time": 35.305567026138306, "[hieve] Best F1 Score": 0.0, "_runtime": 155, "_timestamp": 1625407960, "_step": 0}