{"graph_0": {"_type": "graph-file", "path": "media/graph/graph_0_summary_f7654920.graph.json", "sha256": "f765492037f849c6c27142ad6a81177e0a529150df78904f34974e47cd9da509", "size": 27175}, "[Train] Epoch": 1, "[Train] Loss": 266.7985836081528, "[Train] Elapsed Time:": 39.482807874679565, "_runtime": 108, "_timestamp": 1624789059, "_step": 0}