{"graph_0": {"_type": "graph-file", "path": "media/graph/graph_0_summary_0b6cca71.graph.json", "sha256": "0b6cca7107c02d3112209f63dd6dd5a3e77b31af53892ed368a1453f66079b8f", "size": 26530}, "[Train] Epoch": 7, "[Train] Loss": 1.8730241060256958, "[Train] Elapsed Time:": 44.893014907836914, "[valid-hieve] Precision": 0.62, "[valid-hieve] Recall": 0.9117647058823529, "[valid-hieve] F1 Score": 0.7380952380952381, "[valid] Elapsed Time": 36.55043578147888, "[hieve] Best F1 Score": 0.8095238095238095, "_runtime": 841, "_timestamp": 1625406962, "_step": 6}