{"graph_0": {"_type": "graph-file", "path": "media/graph/graph_0_summary_c88e1c45.graph.json", "sha256": "c88e1c45f48fb7c2d40529bad7eb178ded90eecb50b8be17f2f0b279769ca5cd", "size": 27175}, "[Train] Epoch": 1, "[Train] Loss": 441.58295464028913, "[Train] Elapsed Time:": 39.922919034957886, "[valid-hieve] Precision": 0.5, "[valid-hieve] Recall": 0.05555555555555555, "[valid-hieve] F1 Score": 0.09999999999999999, "[valid] Elapsed Time": 35.00980019569397, "[hieve] Best F1 Score": 0.09999999999999999, "_runtime": 152, "_timestamp": 1625419054, "_step": 0}