{"graph_0": {"_type": "graph-file", "path": "media/graph/graph_0_summary_937f4b22.graph.json", "sha256": "937f4b226fc975a209b3ea99d9aa3017fee85c5fcd7e29c174a72cf05f29bd12", "size": 27175}, "[Train] Epoch": 1, "[Train] Loss": 441.58295464028913, "[Train] Elapsed Time:": 39.65017914772034, "_runtime": 112, "_timestamp": 1625421088, "_step": 0}