{"graph_0": {"_type": "graph-file", "path": "media/graph/graph_0_summary_155b58ca.graph.json", "sha256": "155b58ca60ae4f943e26380936b34a7ff46719c95df50889b7fed5f798ef773c", "size": 27175}, "[Train] Epoch": 2, "[Train] Loss": 73.91612174852094, "[Train] Elapsed Time:": 39.08919811248779, "[valid-hieve] Precision": 0.5, "[valid-hieve] Recall": 0.05555555555555555, "[valid-hieve] F1 Score": 0.09999999999999999, "[valid] Elapsed Time": 34.762340784072876, "[hieve] Best F1 Score": 0.09999999999999999, "_runtime": 224, "_timestamp": 1625419363, "_step": 1}