{"graph_0": {"_type": "graph-file", "path": "media/graph/graph_0_summary_14635709.graph.json", "sha256": "146357095ae10c9b7ea899ed7aeb587827a81cda2f06aec6ce6c934a4a528777", "size": 27175}, "[Train] Epoch": 1, "[Train] Loss": 266.7985836081528, "[Train] Elapsed Time:": 39.04717397689819, "_runtime": 111, "_timestamp": 1624783703, "_step": 0}