{"graph_0": {"_type": "graph-file", "path": "media/graph/graph_0_summary_9f5b2e9c.graph.json", "sha256": "9f5b2e9c9f30f5d4f3f334916915046da8f8fc7a0dcbff865474dc8280282602", "size": 27175}, "[Train] Epoch": 1, "[Train] Loss": 441.58295464028913, "[Train] Elapsed Time:": 45.29262328147888, "_runtime": 129, "_timestamp": 1625422118, "_step": 0}