{"graph_0": {"_type": "graph-file", "path": "media/graph/graph_0_summary_cf5455b1.graph.json", "sha256": "cf5455b167e94e33e2820b3731774bb0866a922661e5ceda769236eebc213389", "size": 27176}, "[Train] Epoch": 2, "[Train] Loss": 323.05370144709127, "[Train] Elapsed Time:": 43.4677951335907, "[valid-matres] Precision": NaN, "[valid-matres] Recall": 0.0, "[valid-matres] F1 Score": NaN, "[valid] Elapsed Time": 39.23175811767578, "[matres] Best F1 Score": 0.0, "_runtime": 235, "_timestamp": 1625491904, "_step": 1}