{"graph_0": {"_type": "graph-file", "path": "media/graph/graph_0_summary_43af4781.graph.json", "sha256": "43af4781eef87e76722e4f2ca25a1493610894a1207d029c203ee06cef4faae7", "size": 27175}, "[Train] Epoch": 1, "[Train] Loss": 473.2073981106387, "[Train] Elapsed Time:": 261.80139803886414, "[valid-hieve] Precision": 0.0, "[valid-hieve] Recall": 0.0, "[valid-hieve] F1 Score": NaN, "[valid] Elapsed Time": 181.84367203712463, "[hieve] Best F1 Score": 0.0, "_runtime": 679, "_timestamp": 1625513792, "_step": 0}