{"graph_0": {"_type": "graph-file", "path": "media/graph/graph_0_summary_8d36ad1a.graph.json", "sha256": "8d36ad1a7b355ae402e4016d1eace9a6033642bdc0a1279795a6f6843bc12430", "size": 27627}, "[Train] Epoch": 1, "[Train] Loss": 538.347412109375, "[Train] Elapsed Time:": 429.76029419898987, "_runtime": 1023, "_timestamp": 1626019669, "_step": 0}