{"graph_0": {"_type": "graph-file", "path": "media/graph/graph_0_summary_57db1d19.graph.json", "sha256": "57db1d19df2da8d456db58af4fa0c556a605e3fd343632cb4505db49cdb5278c", "size": 27176}, "[Train] Epoch": 1, "[Train] Loss": 225.10053997104342, "[Train] Elapsed Time:": 296.5537259578705, "_runtime": 416, "_timestamp": 1625502495, "_step": 0}