{"graph_0": {"_type": "graph-file", "path": "media/graph/graph_0_summary_825af1de.graph.json", "sha256": "825af1de23a7948714a736157e5e9d4073233d179b973efdfb31ee44c0238bf2", "size": 27175}, "[Train] Epoch": 1, "[Train] Loss": 266.7985836081528, "[Train] Elapsed Time:": 48.48971176147461, "_runtime": 123, "_timestamp": 1624787139, "_step": 0}