{"graph_0": {"_type": "graph-file", "path": "media/graph/graph_0_summary_4a909adb.graph.json", "sha256": "4a909adb7cfec86be7c42c5f00db401e5c1242cf7776453169629a30ebea80f1", "size": 27176}, "[Train] Epoch": 1, "[Train] Loss": 225.10053997104342, "[Train] Elapsed Time:": 269.6436951160431, "_runtime": 816, "_timestamp": 1625510631, "_step": 0}