{"graph_0": {"_type": "graph-file", "path": "media/graph/graph_0_summary_19aeed0e.graph.json", "sha256": "19aeed0e56d0e96e377f78ffdef321584df5b283ed2aa442b900d2580f3b776a", "size": 27175}, "[Train] Epoch": 1, "[Train] Loss": 266.7985836081528, "[Train] Elapsed Time:": 42.396053075790405, "_runtime": 118, "_timestamp": 1624779908, "_step": 0}