{"graph_0": {"_type": "graph-file", "path": "media/graph/graph_0_summary_fe6105e8.graph.json", "sha256": "fe6105e8069557063ad84681ac78836710dbbd558135375dacf9fd4c561f3eda", "size": 27175}, "[Train] Epoch": 1, "[Train] Loss": 266.7985836081528, "[Train] Elapsed Time:": 39.99574303627014, "_runtime": 111, "_timestamp": 1624779092, "_step": 0}