{"graph_0": {"_type": "graph-file", "path": "media/graph/graph_0_summary_819ec178.graph.json", "sha256": "819ec178a29781f297566f606a9d51644b0e0c3dac18920985ca91734a987ef3", "size": 28198}, "[Train] Epoch": 1, "[Train] Loss": 442.9098815917969, "[Train] Elapsed Time:": 415.5217590332031, "_runtime": 563, "_timestamp": 1625643194, "_step": 0}