{"graph_0": {"_type": "graph-file", "path": "media/graph/graph_0_summary_83b923b7.graph.json", "sha256": "83b923b7db7a167eb16b327bc562bb7497c0eb4057debe1ac23d229a6553c715", "size": 27627}, "[Train] Epoch": 1, "[Train] Loss": 538.347412109375, "[Train] Elapsed Time:": 412.4308090209961, "_runtime": 926, "_timestamp": 1625998141, "_step": 0}