{"graph_0": {"_type": "graph-file", "path": "media/graph/graph_0_summary_399756d8.graph.json", "sha256": "399756d8fff0691c1ffffb00de1e0f104740a2fbca56d73ba0d02e0d1638dd4b", "size": 27192}, "[Train] Epoch": 1, "[Train] Loss": 276.9336242675781, "[Train] Elapsed Time:": 42.40018320083618, "_runtime": 104, "_timestamp": 1627054869, "_step": 0}