{"graph_0": {"_type": "graph-file", "path": "media/graph/graph_0_summary_dd650e92.graph.json", "sha256": "dd650e9237ce5ced1556debaface03525a8846b37f196576c382d17845c3f034", "size": 28198}, "[Train] Epoch": 2, "[Train] Loss": 89.71204376220703, "[Train] Elapsed Time:": 350.3366451263428, "[valid-hieve] Precision": 0.0, "[valid-hieve] Recall": 0.0, "[valid-hieve] F1 Score": NaN, "[valid] Elapsed Time": 299.97879099845886, "[hieve] Best F1 Score": 0.0, "_runtime": 1891, "_timestamp": 1625642584, "_step": 1}