{"graph_0": {"_type": "graph-file", "path": "media/graph/graph_0_summary_285fbb00.graph.json", "sha256": "285fbb0074615cd1c15a621b54d13df9fa71bf3f14c639891c6acf761039f900", "size": 27176}, "[Train] Epoch": 1, "[Train] Loss": 246.78978036741654, "[Train] Elapsed Time:": 41.134718894958496, "_runtime": 123, "_timestamp": 1625423375, "_step": 0}