{"graph_0": {"_type": "graph-file", "path": "media/graph/graph_0_summary_a40e52c1.graph.json", "sha256": "a40e52c13d956944b25a8d979cbd7ed0cee815512395181bde5370a82cf2bc30", "size": 27176}, "[Train] Epoch": 1, "[Train] Loss": 232.06986444772105, "[Train] Elapsed Time:": 46.55229902267456, "_runtime": 163, "_timestamp": 1625423546, "_step": 0}