{"graph_0": {"_type": "graph-file", "path": "media/graph/graph_0_summary_1e8afe95.graph.json", "sha256": "1e8afe9572e4f8d2700f7341cb594a16c3e824c534255c185a2060ff4ba4eb09", "size": 27176}, "[Train] Epoch": 1, "[Train] Loss": 225.10053997104342, "[Train] Elapsed Time:": 280.28560495376587, "_runtime": 525, "_timestamp": 1625500097, "_step": 0}