{"graph_0": {"_type": "graph-file", "path": "media/graph/graph_0_summary_3f0b7476.graph.json", "sha256": "3f0b74763eca37ac075d16377956cc8863c4656100d5ce0e926834ab4277d346", "size": 27175}, "[Train] Epoch": 1, "[Train] Loss": 441.58295464028913, "[Train] Elapsed Time:": 42.54597997665405, "_runtime": 127, "_timestamp": 1625417728, "_step": 0}