{"graph_0": {"_type": "graph-file", "path": "media/graph/graph_0_summary_389142a5.graph.json", "sha256": "389142a52ae47f86d561c7f30373bca4c2416f9d6cf5f540a7d646b779fc86ab", "size": 27175}, "[Train] Epoch": 1, "[Train] Loss": 266.7985836081528, "[Train] Elapsed Time:": 40.355857133865356, "_runtime": 117, "_timestamp": 1624783372, "_step": 0}