{"graph_0": {"_type": "graph-file", "path": "media/graph/graph_0_summary_701f3ef4.graph.json", "sha256": "701f3ef4e0403c1b69c0d72abf3650e1e9b1c69976be0fa361d76d18940599ae", "size": 27175}, "[Train] Epoch": 1, "[Train] Loss": 441.58295464028913, "[Train] Elapsed Time:": 58.014060974121094, "_runtime": 113, "_timestamp": 1625421522, "_step": 0}