{"graph_0": {"_type": "graph-file", "path": "media/graph/graph_0_summary_598bf8d7.graph.json", "sha256": "598bf8d7e0e6867dc66c98cda0158339227b4ae3966d381d3dfb046d46e2419b", "size": 27627}, "[Train] Epoch": 1, "[Train] Loss": 568.9866943359375, "[Train] Elapsed Time:": 420.67115473747253, "_runtime": 822, "_timestamp": 1625846463, "_step": 0}