{"graph_0": {"_type": "graph-file", "path": "media/graph/graph_0_summary_f6f902fc.graph.json", "sha256": "f6f902fcaf58315db2cf2265f64e60c1650492175bdbe5cb4c6b708a858f2b65", "size": 27175}, "[Train] Epoch": 10, "[Train] Loss": 120.69417877162668, "[Train] Elapsed Time:": 42.14237904548645, "[valid-hieve] Precision": 0.75, "[valid-hieve] Recall": 0.15384615384615385, "[valid-hieve] F1 Score": 0.25531914893617025, "[valid-HiEve] Precision v2": 0.40384615384615385, "[valid-HiEve] Recall v2": 0.15384615384615385, "[valid-HiEve] F1 Score v2": 0.22281167108753316, "[valid] Elapsed Time": 33.75714111328125, "[hieve] Best F1 Score": 0.6016260162601627, "_runtime": 1202, "_timestamp": 1624722836, "_step": 11, "Full Elapsed Time": 1168.6944770812988}