{"graph_0": {"_type": "graph-file", "path": "media/graph/graph_0_summary_4cfe1520.graph.json", "sha256": "4cfe1520705d80fac2fce4241985c8a613d1fdf6006a6a010302675ecba74e57", "size": 28048}, "[Train] Epoch": 1, "[Train] Loss": 266.6906042296323, "[Train] Elapsed Time:": 259.71823477745056, "_runtime": 440, "_timestamp": 1625577532, "_step": 0}