{"graph_0": {"_type": "graph-file", "path": "media/graph/graph_0_summary_74e1a7c9.graph.json", "sha256": "74e1a7c91028f73ef411b4f25381b2ef8b0bd87593c98e37bfed02df69cdf516", "size": 27175}, "[Train] Epoch": 1, "[Train] Loss": 266.7985836081528, "[Train] Elapsed Time:": 44.13507103919983, "_runtime": 121, "_timestamp": 1624789613, "_step": 0}