{"graph_0": {"_type": "graph-file", "path": "media/graph/graph_0_summary_e0d9ac68.graph.json", "sha256": "e0d9ac6869eaf4866c45dbd08db52ec3a92e6c175af9cc49119f9fbe3cb85087", "size": 28198}, "[Train] Epoch": 2, "[Train] Loss": 173.6725616455078, "[Train] Elapsed Time:": 342.09907388687134, "[valid-hieve] Precision": 0.02857142857142857, "[valid-hieve] Recall": 0.1111111111111111, "[valid-hieve] F1 Score": 0.04545454545454545, "[valid] Elapsed Time": 328.92980790138245, "[hieve] Best F1 Score": 0.04545454545454545, "_runtime": 2030, "_timestamp": 1625645251, "_step": 1}