{"graph_0": {"_type": "graph-file", "path": "media/graph/graph_0_summary_3045c024.graph.json", "sha256": "3045c024905cac5b522016b7492994554ee06c77087c061406cfab5162b0abd8", "size": 27176}, "[Train] Epoch": 2, "[Train] Loss": 293.47324935094264, "[Train] Elapsed Time:": 225.49579215049744, "[valid-matres] Precision": 1.0, "[valid-matres] Recall": 0.01020408163265306, "[valid-matres] F1 Score": 0.020202020202020204, "[valid] Elapsed Time": 170.31506204605103, "[matres] Best F1 Score": 0.020202020202020204, "_runtime": 1020, "_timestamp": 1625504471, "_step": 1}