{"graph_0": {"_type": "graph-file", "path": "media/graph/graph_0_summary_616e5034.graph.json", "sha256": "616e5034fb90df304fffb9eb203e1dfa333b881a0d106de86efd206ccaac463c", "size": 27175}, "[Train] Epoch": 2, "[Train] Loss": 403.9877137863662, "[Train] Elapsed Time:": 43.134989976882935, "[valid-hieve] Precision": 0.40384615384615385, "[valid-hieve] Recall": 0.2692307692307692, "[valid-hieve] F1 Score": 0.32307692307692304, "[valid] Elapsed Time": 36.42288088798523, "[hieve] Best F1 Score": 0.32307692307692304, "_runtime": 275, "_timestamp": 1624957139, "_step": 1}