{"graph_0": {"_type": "graph-file", "path": "media/graph/graph_0_summary_e3c1ef9b.graph.json", "sha256": "e3c1ef9b93f95acf98017b6c76ea2e809779eece4b6d2e50a8b1628816b86ba7", "size": 27175}, "[Train] Epoch": 1, "[Train] Loss": 441.58295464028913, "[Train] Elapsed Time:": 43.02084302902222, "[valid-hieve] Precision": 0.5, "[valid-hieve] Recall": 0.05555555555555555, "[valid-hieve] F1 Score": 0.09999999999999999, "[valid] Elapsed Time": 35.25948882102966, "[hieve] Best F1 Score": 0.09999999999999999, "_runtime": 156, "_timestamp": 1625420293, "_step": 0}