{"graph_0": {"_type": "graph-file", "path": "media/graph/graph_0_summary_0dcbf2a8.graph.json", "sha256": "0dcbf2a89d1f36b0086a34ea91b2b5e8df6e19d779d159a15cda56207e375daf", "size": 27627}, "[Train] Epoch": 1, "[Train] Loss": 452.52044677734375, "[Train] Elapsed Time:": 115.33413696289062, "_runtime": 196, "_timestamp": 1626365484, "_step": 0}