{"graph_0": {"_type": "graph-file", "path": "media/graph/graph_0_summary_ae1ba35d.graph.json", "sha256": "ae1ba35de18f77c2d023f01f5f236ce611196084b00c8f9b81c937ccb02cead5", "size": 27175}, "[Train] Epoch": 1, "[Train] Loss": 266.7985836081528, "[Train] Elapsed Time:": 39.11904311180115, "_runtime": 114, "_timestamp": 1624778167, "_step": 0}