{"graph_0": {"_type": "graph-file", "path": "media/graph/graph_0_summary_b35d3db7.graph.json", "sha256": "b35d3db7e95524c3a78b8a0beefc340e8e5612a97970a593078d56d704ae96a1", "size": 27175}, "[Train] Epoch": 3, "[Train] Loss": 110.50544897867825, "[Train] Elapsed Time:": 215.83626508712769, "[valid-hieve] Precision": 0.0, "[valid-hieve] Recall": 0.0, "[valid-hieve] F1 Score": NaN, "[valid] Elapsed Time": 166.24570488929749, "[hieve] Best F1 Score": 0.0, "_runtime": 1724, "_timestamp": 1625496899, "_step": 2}