{"graph_0": {"_type": "graph-file", "path": "media/graph/graph_0_summary_f8882e88.graph.json", "sha256": "f8882e88598f6999573324440151bd97a23e3c729b1d78e7775c22547dc48911", "size": 27175}, "[Train] Epoch": 1, "[Train] Loss": 441.58295464028913, "[Train] Elapsed Time:": 47.83092498779297, "_runtime": 134, "_timestamp": 1625422453, "_step": 0}