{"graph_0": {"_type": "graph-file", "path": "media/graph/graph_0_summary_42bf3e9a.graph.json", "sha256": "42bf3e9af21746cc05d58178654523f008247f46edf8700c6455241c00583d23", "size": 27627}, "[Train] Epoch": 10, "[Train] Loss": 366.16571044921875, "[Train] Elapsed Time:": 40.98856496810913, "[valid-hieve] Precision": 0.9259259259259259, "[valid-hieve] Recall": 0.7575757575757576, "[valid-hieve] F1 Score": 0.8333333333333334, "[valid] Elapsed Time": 35.57503533363342, "[hieve] Best F1 Score": 0.8333333333333334, "_runtime": 885, "_timestamp": 1627144756, "_step": 11, "Full Elapsed Time": 839.8275899887085}