{"graph_0": {"_type": "graph-file", "path": "media/graph/graph_0_summary_5ba2e093.graph.json", "sha256": "5ba2e093af07a60d808edfa6145f9fce64f236ef8c98e58c651eab7ba2d09b3a", "size": 27176}, "[Train] Epoch": 1, "[Train] Loss": 247.2720976780996, "[Train] Elapsed Time:": 258.2302198410034, "_runtime": 509, "_timestamp": 1625512426, "_step": 0}