{"graph_0": {"_type": "graph-file", "path": "media/graph/graph_0_summary_aba95b77.graph.json", "sha256": "aba95b77fe544bdd6d1f2e7bd289af06df9cf1c7e5d0e38229d3267c373a5fd5", "size": 27175}, "[Train] Epoch": 2, "[Train] Loss": 403.9877137863662, "[Train] Elapsed Time:": 38.960578203201294, "[valid-hieve] Precision": 0.40384615384615385, "[valid-hieve] Recall": 0.2692307692307692, "[valid-hieve] F1 Score": 0.32307692307692304, "[valid] Elapsed Time": 33.922629833221436, "[hieve] Best F1 Score": 0.32307692307692304, "_runtime": 252, "_timestamp": 1624724477, "_step": 1}