{"graph_0": {"_type": "graph-file", "path": "media/graph/graph_0_summary_7ec15140.graph.json", "sha256": "7ec15140d84f079aafc00c198d0fe3d7be2ceff8c8be90b5e435af974075ea78", "size": 27175}, "[Train] Epoch": 1, "[Train] Loss": 165.14016210498409, "[Train] Elapsed Time:": 272.88568592071533, "_runtime": 688, "_timestamp": 1625515364, "_step": 0}