{"graph_0": {"_type": "graph-file", "path": "media/graph/graph_0_summary_1d155d1c.graph.json", "sha256": "1d155d1c16d1a6fb956be92b671591c5e9086235c6d91bbcf719ee837a5c1c46", "size": 27192}, "[Train] Epoch": 1, "[Train] Loss": 276.9336242675781, "[Train] Elapsed Time:": 50.87401485443115, "_runtime": 109, "_timestamp": 1627054197, "_step": 0}