{"graph_0": {"_type": "graph-file", "path": "media/graph/graph_0_summary_f57a5a2f.graph.json", "sha256": "f57a5a2f51122ef3480643d5f4c7f230fc7fd9396601a132304379dd0055154b", "size": 27175}, "[Train] Epoch": 1, "[Train] Loss": 266.7985836081528, "[Train] Elapsed Time:": 41.274046897888184, "_runtime": 134, "_timestamp": 1624720023, "_step": 0}