{"graph_0": {"_type": "graph-file", "path": "media/graph/graph_0_summary_9ed38a70.graph.json", "sha256": "9ed38a70355e3d8d402bd0ba6c089d0c837bdf7e8ab000c3ae185f086e1f7522", "size": 27192}, "[Train] Epoch": 6, "[Train] Loss": 131.95494079589844, "[Train] Elapsed Time:": 53.402103900909424, "[valid-hieve] Precision": 0.88, "[valid-hieve] Recall": 0.946236559139785, "[valid-hieve] F1 Score": 0.911917098445596, "[valid] Elapsed Time": 41.02403020858765, "[hieve] Best F1 Score": 0.911917098445596, "_runtime": 616, "_timestamp": 1627009762, "_step": 5}