{"graph_0": {"_type": "graph-file", "path": "media/graph/graph_0_summary_5e47ccc8.graph.json", "sha256": "5e47ccc83469fc6c774afa112939ada3dc92704686fe208a98b64e7877c6926b", "size": 27175}, "[Train] Epoch": 1, "[Train] Loss": 266.7985836081528, "[Train] Elapsed Time:": 39.799586057662964, "_runtime": 116, "_timestamp": 1624794046, "_step": 0}