{"graph_0": {"_type": "graph-file", "path": "media/graph/graph_0_summary_4a78b8a2.graph.json", "sha256": "4a78b8a295a1bd087eb7ed05d084f7a9f7dc5846a63df7291ef4e408d08fa726", "size": 27627}, "[Train] Epoch": 1, "[Train] Loss": 538.347412109375, "[Train] Elapsed Time:": 451.4657881259918, "_runtime": 835, "_timestamp": 1625855140, "_step": 0}