{"graph_0": {"_type": "graph-file", "path": "media/graph/graph_0_summary_bdf1e8c9.graph.json", "sha256": "bdf1e8c919526307ca14b961cf0c7e042610351a05afceb2bdb6aaca7cc7165e", "size": 28048}, "[Train] Epoch": 2, "[Train] Loss": 373.65484619140625, "[Train] Elapsed Time:": 215.25488686561584, "[valid-matres] Precision": NaN, "[valid-matres] Recall": 0.0, "[valid-matres] F1 Score": NaN, "[valid] Elapsed Time": 170.4998059272766, "[matres] Best F1 Score": 0.0, "_runtime": 930, "_timestamp": 1625581917, "_step": 1}