{"graph_0": {"_type": "graph-file", "path": "media/graph/graph_0_summary_410caf4a.graph.json", "sha256": "410caf4a43a774bde083159aa1b2d176406e1dd0a9ef8239210f2d5f089c4475", "size": 27175}, "[Train] Epoch": 2, "[Train] Loss": 403.9877137863662, "[Train] Elapsed Time:": 41.25041580200195, "[valid-hieve] Precision": 0.5, "[valid-hieve] Recall": 0.08974358974358974, "[valid-hieve] F1 Score": 0.15217391304347827, "[valid] Elapsed Time": 37.27433800697327, "[hieve] Best F1 Score": 0.15217391304347827, "_runtime": 263, "_timestamp": 1624966131, "_step": 1}