{"graph_0": {"_type": "graph-file", "path": "media/graph/graph_0_summary_747ad6d4.graph.json", "sha256": "747ad6d44342d49bd3a776c832077bfb9131263f244c18461def966000fbea5c", "size": 27175}, "[Train] Epoch": 1, "[Train] Loss": 266.7985836081528, "[Train] Elapsed Time:": 41.84567213058472, "_runtime": 113, "_timestamp": 1624779322, "_step": 0}