{"graph_0": {"_type": "graph-file", "path": "media/graph/graph_0_summary_ad9b7adb.graph.json", "sha256": "ad9b7adb4bc95e311a0f941a3ddf783d9cdd1f353d2b8470acd1592f27985658", "size": 27175}, "[Train] Epoch": 6, "[Train] Loss": 106.06547247604763, "[Train] Elapsed Time:": 38.89021706581116, "[valid-hieve] Precision": NaN, "[valid-hieve] Recall": 0.0, "[valid-hieve] F1 Score": NaN, "[valid] Elapsed Time": 33.68974995613098, "[hieve] Best F1 Score": 0.0, "_runtime": 717, "_timestamp": 1625407748, "_step": 5}