{"graph_0": {"_type": "graph-file", "path": "media/graph/graph_0_summary_ab090cf8.graph.json", "sha256": "ab090cf8a15906a9fb8f8feb6fbfa9c9cb3c4572dd55f840ee9ada13d7626e30", "size": 27175}, "[Train] Epoch": 1, "[Train] Loss": 200.00931103730665, "[Train] Elapsed Time:": 278.51717829704285, "_runtime": 668, "_timestamp": 1625541249, "_step": 0}