{"graph_0": {"_type": "graph-file", "path": "media/graph/graph_0_summary_9ffc0102.graph.json", "sha256": "9ffc010246f45a2e01793eabc69c3752d2c8a35ecae8b76bffbd8a528dd63c32", "size": 27185}, "[Train] Epoch": 1, "[Train] Loss": 400.78265380859375, "[Train] Elapsed Time:": 442.1434099674225, "[valid-hieve] Precision": 0.0, "[valid-hieve] Recall": 0.0, "[valid-hieve] F1 Score": NaN, "[valid] Elapsed Time": 325.2928740978241, "[hieve] Best F1 Score": 0.0, "_runtime": 1158, "_timestamp": 1625654745, "_step": 0}