{"graph_0": {"_type": "graph-file", "path": "media/graph/graph_0_summary_292890ee.graph.json", "sha256": "292890ee4a8a9f2adaf7bf3b49c36f441067b6808c54074fddad7058713aea74", "size": 27175}, "[Train] Epoch": 1, "[Train] Loss": 266.7985836081528, "[Train] Elapsed Time:": 42.53418207168579, "_runtime": 160, "_timestamp": 1624904675, "_step": 0}