{"graph_0": {"_type": "graph-file", "path": "media/graph/graph_0_summary_c600fd25.graph.json", "sha256": "c600fd2543ae84f33138aa80d5581b2de96d991195d9fa061207f5e3938c14f9", "size": 27627}, "[Train] Epoch": 1, "[Train] Loss": 538.347412109375, "[Train] Elapsed Time:": 433.9703040122986, "_runtime": 734, "_timestamp": 1626026453, "_step": 0}