{"graph_0": {"_type": "graph-file", "path": "media/graph/graph_0_summary_9d78e867.graph.json", "sha256": "9d78e867ce5bb3796e262093613b44acb8f94b23956286828eee01748a14213e", "size": 27175}, "[Train] Epoch": 1, "[Train] Loss": 266.7985836081528, "[Train] Elapsed Time:": 50.90598106384277, "_runtime": 134, "_timestamp": 1624785590, "_step": 0}