{"graph_0": {"_type": "graph-file", "path": "media/graph/graph_0_summary_c927428d.graph.json", "sha256": "c927428de131bb2f3783a8bb2ede09b03140bf481fa8bd35dd4bdda02db49b06", "size": 27175}, "[Train] Epoch": 1, "[Train] Loss": 266.7985836081528, "[Train] Elapsed Time:": 52.69799208641052, "_runtime": 134, "_timestamp": 1624793120, "_step": 0}