{"graph_0": {"_type": "graph-file", "path": "media/graph/graph_0_summary_c98e2fe7.graph.json", "sha256": "c98e2fe71c2a7498e91df12ce13da211b5b80a3f0a15a5e6da92f33f429bc16a", "size": 27175}, "[Train] Epoch": 1, "[Train] Loss": 266.7985836081528, "[Train] Elapsed Time:": 50.07391381263733, "_runtime": 126, "_timestamp": 1624787768, "_step": 0}