{"graph_0": {"_type": "graph-file", "path": "media/graph/graph_0_summary_194fc4d0.graph.json", "sha256": "194fc4d04ce9427edb50089acbb8118daaddd20aef5857f488f9a0f8bd3fd742", "size": 27175}, "[Train] Epoch": 2, "[Train] Loss": 73.91612174852094, "[Train] Elapsed Time:": 38.981744050979614, "[valid-hieve] Precision": 0.5, "[valid-hieve] Recall": 0.05555555555555555, "[valid-hieve] F1 Score": 0.09999999999999999, "[valid] Elapsed Time": 34.42498993873596, "[hieve] Best F1 Score": 0.09999999999999999, "_runtime": 222, "_timestamp": 1625421904, "_step": 1}