{"graph_0": {"_type": "graph-file", "path": "media/graph/graph_0_summary_12f4407c.graph.json", "sha256": "12f4407c144597efdbbbdbd05c45e6bf7b5454ca19fe5a0b576e2cfd0c18fa07", "size": 27175}, "[Train] Epoch": 1, "[Train] Loss": 266.7985836081528, "[Train] Elapsed Time:": 39.182870864868164, "_runtime": 108, "_timestamp": 1624780445, "_step": 0}