{"graph_0": {"_type": "graph-file", "path": "media/graph/graph_0_summary_6a79b3c0.graph.json", "sha256": "6a79b3c0d382d7429a26802682b9788ada01d197779ef1eef539a7c478c15b65", "size": 27175}, "[Train] Epoch": 1, "[Train] Loss": 451.63333279772485, "[Train] Elapsed Time:": 245.40850591659546, "_runtime": 367, "_timestamp": 1625514659, "_step": 0}