{"graph_0": {"_type": "graph-file", "path": "media/graph/graph_0_summary_86a8c4cb.graph.json", "sha256": "86a8c4cb4ddb9e14d047fc4b1d5f630657ceda3c51bcfedafee400425f8d329c", "size": 27176}, "[Train] Epoch": 1, "[Train] Loss": 232.06986444772105, "[Train] Elapsed Time:": 40.16702699661255, "_runtime": 134, "_timestamp": 1625423923, "_step": 0}