{"graph_0": {"_type": "graph-file", "path": "media/graph/graph_0_summary_f057b0a1.graph.json", "sha256": "f057b0a1e2d0e1924bae6c33a4c08b9f73d80c0c2745e95e1d9702bcad7acac0", "size": 27175}, "[Train] Epoch": 1, "[Train] Loss": 266.7985836081528, "[Train] Elapsed Time:": 39.06395602226257, "_runtime": 112, "_timestamp": 1624785419, "_step": 0}