{"graph_0": {"_type": "graph-file", "path": "media/graph/graph_0_summary_e0aed89f.graph.json", "sha256": "e0aed89fa6a5499dc04d51aebc8aada04952ca1c46d3922666b03d5873e4dd7b", "size": 27175}, "[Train] Epoch": 1, "[Train] Loss": 266.7985836081528, "[Train] Elapsed Time:": 45.85068893432617, "_runtime": 116, "_timestamp": 1624781656, "_step": 0}