{"graph_0": {"_type": "graph-file", "path": "media/graph/graph_0_summary_85d43dd4.graph.json", "sha256": "85d43dd47541532615f39d79fb0448d28e65436d6da9e6b3d56ef96fbf6b49a9", "size": 27175}, "[Train] Epoch": 4, "[Train] Loss": 131.59797088082854, "[Train] Elapsed Time:": 40.02543377876282, "[valid-hieve] Precision": 0.3333333333333333, "[valid-hieve] Recall": 0.038461538461538464, "[valid-hieve] F1 Score": 0.06896551724137931, "[valid] Elapsed Time": 33.985875844955444, "[hieve] Best F1 Score": 0.4655172413793104, "_runtime": 482, "_timestamp": 1624900416, "_step": 3}