{"graph_0": {"_type": "graph-file", "path": "media/graph/graph_0_summary_9d32ecb1.graph.json", "sha256": "9d32ecb1ea93d596d70aad4d0aa4bcc02e5403d16b8c6f0f0e1083011221a926", "size": 27192}, "[Train] Epoch": 6, "[Train] Loss": 4741.27099609375, "[Train] Elapsed Time:": 48.946757078170776, "[valid-hieve] Precision": NaN, "[valid-hieve] Recall": 0.0, "[valid-hieve] F1 Score": NaN, "[valid] Elapsed Time": 39.95267605781555, "[hieve] Best F1 Score": 0.34532374100719426, "_runtime": 564, "_timestamp": 1627051370, "_step": 5}