{"graph_0": {"_type": "graph-file", "path": "media/graph/graph_0_summary_84a702d3.graph.json", "sha256": "84a702d3438fc8a6ffe5923be48ebbdda255dd44a983598a0ece1cf19d8d6b96", "size": 27627}, "[Train] Epoch": 2, "[Train] Loss": 454.5769958496094, "[Train] Elapsed Time:": 369.6308059692383, "[valid-hieve] Precision": 0.0, "[valid-hieve] Recall": 0.0, "[valid-hieve] F1 Score": NaN, "[valid] Elapsed Time": 327.6918888092041, "[hieve] Best F1 Score": 0.0, "_runtime": 1894, "_timestamp": 1625853131, "_step": 1}