{"graph_0": {"_type": "graph-file", "path": "media/graph/graph_0_summary_d11eba91.graph.json", "sha256": "d11eba9189f537da951345a4a877d2d01e391476a3da68daf4979f2355451ab9", "size": 27175}, "[Train] Epoch": 1, "[Train] Loss": 192.0347415992085, "[Train] Elapsed Time:": 41.31366801261902, "[valid-hieve] Precision": 0.5714285714285714, "[valid-hieve] Recall": 0.08421052631578947, "[valid-hieve] F1 Score": 0.14678899082568805, "[valid] Elapsed Time": 35.03884696960449, "[hieve] Best F1 Score": 0.14678899082568805, "_runtime": 153, "_timestamp": 1625415270, "_step": 0}