{"graph_0": {"_type": "graph-file", "path": "media/graph/graph_0_summary_0a6a6c32.graph.json", "sha256": "0a6a6c324e2ccbb2eca58d0a1806741b0ad6aead5bcbf37438d6a730a41819c3", "size": 27175}, "[Train] Epoch": 1, "[Train] Loss": 266.7985836081528, "[Train] Elapsed Time:": 43.96366906166077, "_runtime": 118, "_timestamp": 1624781956, "_step": 0}