{"graph_0": {"_type": "graph-file", "path": "media/graph/graph_0_summary_8c2eebc9.graph.json", "sha256": "8c2eebc97a4f534361f4b13a823e88782a00961d9d0f77fc39f7676fedcb6826", "size": 27175}, "[Train] Epoch": 1, "[Train] Loss": 266.7985836081528, "[Train] Elapsed Time:": 39.16621494293213, "_runtime": 108, "_timestamp": 1624786259, "_step": 0}