{"graph_0": {"_type": "graph-file", "path": "media/graph/graph_0_summary_7ffdbe28.graph.json", "sha256": "7ffdbe280159e535479e30ba7ff458a17d0849fda78502e7e9962e8ad77f568c", "size": 27175}, "[Train] Epoch": 1, "[Train] Loss": 266.7985836081528, "[Train] Elapsed Time:": 39.21909189224243, "_runtime": 107, "_timestamp": 1624782086, "_step": 0}