{"graph_0": {"_type": "graph-file", "path": "media/graph/graph_0_summary_3a3505d6.graph.json", "sha256": "3a3505d6058bea19ddd186a647cc6270d2974de4fa517318c677fa1fe1fea59b", "size": 27175}, "[Train] Epoch": 1, "[Train] Loss": 448.8062694180986, "[Train] Elapsed Time:": 44.642950773239136, "_runtime": 132, "_timestamp": 1625493719, "_step": 0}