{"graph_0": {"_type": "graph-file", "path": "media/graph/graph_0_summary_f975712f.graph.json", "sha256": "f975712f016ef7cb03c00c6a3d22f32a5562ebc606bba708c43f1c3aa105260a", "size": 27175}, "[Train] Epoch": 1, "[Train] Loss": 266.7985836081528, "[Train] Elapsed Time:": 46.61782503128052, "_runtime": 143, "_timestamp": 1624790230, "_step": 0}