{"graph_0": {"_type": "graph-file", "path": "media/graph/graph_0_summary_11f40d6d.graph.json", "sha256": "11f40d6d11fffaa3f8cb733091e9d13be11bdad5346a7346fc9ec0887240a4d3", "size": 27176}, "[Train] Epoch": 1, "[Train] Loss": 281.67913557192537, "[Train] Elapsed Time:": 268.38728976249695, "[valid-matres] Precision": NaN, "[valid-matres] Recall": 0.0, "[valid-matres] F1 Score": NaN, "[valid] Elapsed Time": 181.78889203071594, "[matres] Best F1 Score": 0.0, "_runtime": 701, "_timestamp": 1625544084, "_step": 0}