{"graph_0": {"_type": "graph-file", "path": "media/graph/graph_0_summary_374fcc58.graph.json", "sha256": "374fcc5896d9fb26f97e22c713cdde4df4167469dbc0399f3b669e2b4220a49e", "size": 27627}, "[Train] Epoch": 1, "[Train] Loss": 538.347412109375, "[Train] Elapsed Time:": 458.00829696655273, "_runtime": 553, "_timestamp": 1626017747, "_step": 0}