{"graph_0": {"_type": "graph-file", "path": "media/graph/graph_0_summary_c50ca9c8.graph.json", "sha256": "c50ca9c8db0f7732ec3469c3f52c2965fbf09a7b5cc240be49876c9331078e6a", "size": 27175}, "[Train] Epoch": 1, "[Train] Loss": 266.7985836081528, "[Train] Elapsed Time:": 51.476516008377075, "_runtime": 130, "_timestamp": 1624783214, "_step": 0}