{"graph_0": {"_type": "graph-file", "path": "media/graph/graph_0_summary_b73e03b6.graph.json", "sha256": "b73e03b6c74266bf101246d6c55bed1687f0dab817baa7423a714d841e93c74d", "size": 27176}, "[Train] Epoch": 1, "[Train] Loss": 225.10053997104342, "[Train] Elapsed Time:": 258.8405830860138, "_runtime": 471, "_timestamp": 1625508713, "_step": 0}