{"graph_0": {"_type": "graph-file", "path": "media/graph/graph_0_summary_fb1d45cf.graph.json", "sha256": "fb1d45cf999460c969acf14861b078794ecdf9247a928883d6415c2492879927", "size": 27175}, "[Train] Epoch": 2, "[Train] Loss": 403.9877137863662, "[Train] Elapsed Time:": 43.66387581825256, "[valid-hieve] Precision": 0.5, "[valid-hieve] Recall": 0.08974358974358974, "[valid-hieve] F1 Score": 0.15217391304347827, "[valid] Elapsed Time": 45.233866930007935, "[hieve] Best F1 Score": 0.15217391304347827, "_runtime": 268, "_timestamp": 1624892489, "_step": 1}