{"graph_0": {"_type": "graph-file", "path": "media/graph/graph_0_summary_950de1c4.graph.json", "sha256": "950de1c4173ae5d24211576230139311ee8dd341ea474df7dbfbc4e18bceac97", "size": 27175}, "[Train] Epoch": 1, "[Train] Loss": 266.7985836081528, "[Train] Elapsed Time:": 38.638258934020996, "_runtime": 106, "_timestamp": 1624786863, "_step": 0}