{"graph_0": {"_type": "graph-file", "path": "media/graph/graph_0_summary_404bfa11.graph.json", "sha256": "404bfa115ea2da06950532ff85fbf57d1446324dbaae57bd7c291e8c744dfc1f", "size": 27175}, "[Train] Epoch": 2, "[Train] Loss": 403.9877137863662, "[Train] Elapsed Time:": 39.22676420211792, "[valid-hieve] Precision": 0.5, "[valid-hieve] Recall": 0.08974358974358974, "[valid-hieve] F1 Score": 0.15217391304347827, "[valid-HiEve] Precision v2": 0.5384615384615384, "[valid-HiEve] Recall v2": 0.08974358974358974, "[valid-HiEve] F1 Score v2": 0.15384615384615383, "[valid] Elapsed Time": 33.96114802360535, "[hieve] Best F1 Score": 0.15217391304347827, "_runtime": 224, "_timestamp": 1624719223, "_step": 1}