{"graph_0": {"_type": "graph-file", "path": "media/graph/graph_0_summary_06bda501.graph.json", "sha256": "06bda501c5173a4745d0ef5a36c4d9b7f50fd96d097d20edb044106c7076f97d", "size": 27175}, "[Train] Epoch": 1, "[Train] Loss": 266.7985836081528, "[Train] Elapsed Time:": 38.81894397735596, "_runtime": 107, "_timestamp": 1624790388, "_step": 0}