{"graph_0": {"_type": "graph-file", "path": "media/graph/graph_0_summary_49bf12ae.graph.json", "sha256": "49bf12ae95f44982853e6918d237a65e7a4f5bab776d0bb7400aa301121f3629", "size": 27175}, "[Train] Epoch": 1, "[Train] Loss": 441.58295464028913, "[Train] Elapsed Time:": 39.25801181793213, "_runtime": 121, "_timestamp": 1625422273, "_step": 0}