{"graph_0": {"_type": "graph-file", "path": "media/graph/graph_0_summary_6091ea2a.graph.json", "sha256": "6091ea2aa2397b4fccacac1a4c1c6066ff5b89d133db73ddadbe861b804ca42b", "size": 27627}, "[Train] Epoch": 1, "[Train] Loss": 538.347412109375, "[Train] Elapsed Time:": 451.9102168083191, "_runtime": 828, "_timestamp": 1626018593, "_step": 0}